Number	Name	IsActive			
0	DOLGOROČNA SREDSTVA	  			
00	NEOPREDMETNA SREDSTVA IN DOLGOROČNE AKTIVNE ČASOVNE RAZMEJITVE	  			
000	DOBRO IME	 Da			
001	USREDSTVENI STROŠKI NALOŽB V TUJA OPREDMETENA OSNOVNA SREDSTVA	 Da			
002	ODLOŽENI STROŠKI RAZVIJANJA	 Da			
003	PREMOŽENJSKE IN DRUGE PRAVICE	 Da			
005	DRUGA NEOPREDMETENA SREDSTVA	 Da			
0050	DRUGA NEOPREDMETENA SREDSTVA	 Da			
007	DOLGOROČNE AKTIVNE ČASOVNE RAZMEJITVE	 Da			
008	POPRAVEK VREDNOSTI NEOPREDMETENIH SREDSTEV ZARADI AMORTIZIRANJA	 Da			
0080	POPRAVEK VREDNOSTI NEOPREDMETENIH SREDSTEV ZARADI AMORTIZIRANJA	 Da			  
0085	POPRAVEK VREDNOSTI NEOPREDMETENIH SREDSTEV ZARADI AMORTIZIRANJA	 Da			
009	OSLABITEV VREDNOSTI NEOPREDMETENIH SREDSTEV	 Da			
01	NALOŽBENE NEPREMIČNINE	  			
010	NALOŽBENE NEPREMIČNINE, VREDNOTENE PO MODELU NABAVNE VREDNOSTI	 Da			
0100	NALOŽBENE NEPREMIČNINE	 Da			
011	NALOŽBENE NEPREMIČNINE, VREDNOTENE PO MODELU POŠTENE VREDNOSTI	 Da			
015	POPRAVEK VREDNOSTI NALOŽBENIH NEPREMIČNIN ZARADI AMORTIZIRANJA	 Da			
0150	POPRAVEK VREDNOSTI NALOŽBENIH NEPREMIČNIN ZARADI AMORTIZIRANJA	 Da			
017	NALOŽBENE NEPREMIČNINE V GRADNJI OZIROMA IZDELAVI	 Da			
019	OSLABITEV VREDNOSTI NALOŽBENIH NEPREMIČNIN	 Da			
02	NEPREMIČNINE	  			
020	ZEMLJIŠČA,VREDNOTENA PO MODELU NABAVNE VREDNOSTI	 Da			
0200	ZEMLJIŠČA	 Da			
0201	PREVREDNOTENJE ZEMLJIŠČ ZARADI OKREPITVE	 Da			  
0202	PREVREDNOTENJE ZEMLJIŠČ ZARADI OSLABITVE	 Da			  
021	ZGRADBE,VREDNOTENE PO MODELU NABAVNE VREDNOSTI	 Da			
0210	ZGRADBE	 Da			
0211	ZGRADBE-LEASING	 Da			
0212	PREVREDNOTENJE ZGRADB ZARADI OSLABITVE	 Da			  
022	ZEMLJIŠČA, VREDNOTENA PO MODELU REVALORIZIRANJA	 Da			
0220	ZEMLJIŠČA, VREDNOTENA PO MODELU PREVREDNOTENJA	 Da			
023	ZGRADBE, VREDNOTENE PO MODELU REVALORIZIRANJA	 Da			
0230	ZGRADBE, VREDNOTENE PO MODELU PREVREDNOTENJA	 Da			
026	VLAGANJA V NEPREMIČNINE  V TUJI LASTI	 Da			
027	NEPREMIČNINE V GRADNJI OZIROMA IZDELAVI	 Da			
0270	NEPREMIČNINE V GRADNJI OZIROMA IZDELAVI	 Da			
03	POPRAVEK IN OSLABITEV VREDNOSTI NEPREMIČNIN	  			
031	OSLABITEV VREDNOSTI ZEMLJIŠČ	 Da			
0310	POPRAVEK VREDNOSTI ZGRADB ZARADI AMORTIZIRANJA	 Da			  
0311	POPRAVEK VREDNOSTI ZGRADB ZARADI OKREPITVE	 Da			  
0312	POPRAVEK VREDNOSTI ZGRADB ZARADI OSLABITVE	 Da			  
032	POPRAVEK VREDNOSTI ZEMLJIŠČ (KAMNOLOMOV, ODLAG. ODPADKOV) ZARADI AMORTIZIRANJA	 Da			
035	POPRAVEK VREDNOSTI ZGRADB ZARADI AMORTIZIRANJA	 Da			
0350	POPRAVEK VREDNOSTI ZGRADB	 Da			
0351	POPRAVEK VREDNOSTI ZGRADB-LEASING	 Da			
036	POPRAVEK VREDNOSTI VLAGANJ V NEPREMIČNINE V TUJI LASTI	 Da			
039	OSLABITEV VREDNOSTI ZGRADB	 Da			
04	OPREMA IN DRUGA OPREDMETENA OSNOVNA SREDSTVA	  			
040	OPREMA IN NADOMESTNI DELI,VREDNOTENI PO MODELU NABAVNE VREDNOSTI	 Da			
0400	OPREMA IN NADOMESTNI DELI	 Da			
0401	OPREMA IN NADOMESTNI DELI-LEASING	 Da			
0402	PREVREDNOTENJE OPREME IN NADOMESTNIH DELOV ZARADI OSLABITVE	 Da			  
041	DROBNI INVENTAR	 Da			
0410	DROBNI INVENTAR	 Da			
042	OPREMA IN NADOMESTNI DELI, VREDNOTENI PO MODELU PREVREDNOTENJA	Da	  		  
043	BIOLOŠKA SREDSTVA - VEČLETNI NASADI	 Da			
044	BIOLOŠKA SREDSTVA - OSNOVNA ČREDA	 Da			
045	DRUGA OPREDMETENA OSNOVNA SREDSTVA	 Da			
0450	DRUGA OPREDMETENA OSNOVNA SREDSTVA	 Da			
0451	DRUGA OPREDMETENA OSNOVNA SREDSTVA-LEASING	 Da			
046	VLAGANJA V OPREDMETENA SREDSTVA V TUJI LASTI	 Da			
047	OPREMA IN DRUGA OPREDMETENA OSNOVNA SREDSTVA V GRADNJI OZIROMA IZDELAVI	 Da			
048	UMETNIŠKA DELA IN DRUGI PREDMETI KULTURNE IN/ALI ZGODOVINSKE VREDNOSTI, KI SE NE AMORTIZIRAJO	 Da			
05	POPRAVEK IN OSLABITEV VREDNOSTI OPREME IN DRUGIH OPREDMETENIH OSNOVNIH SREDSTEV	  			
050	POPRAVEK VREDNOSTI OPREME IN NADOMESTNIH DELOV ZARADI AMORTIZIRANJA	 Da			
0500	POPRAVEK VREDNOSTI OPREME IN NADOMESTNIH DELOV	 Da			
0501	POPRAVEK VREDNOSTI OPREME IN NADOMESTNIH DELOV-LEASING	 Da			
051	POPRAVEK VREDNOSTI DROBNEGA INVENTARJA ZARADI AMORTIZIRANJA	 Da			
0510	POPRAVEK VREDNOSTI DROBNEGA INVENTARJA	 Da			
052	OSLABITEV VREDNOSTI OPREME IN NADOMESTNIH DELOV	 Da			
053	POPRAVEK VREDNOSTI BIOLOŠKIH SREDSTEV - VEČLETNIH NASADOV ZARADI AMORTIZIRANJA	 Da			
054	POPRAVEK VREDNOSTI BIOLOŠKIH SREDSTEV - OSNOVNE ČREDE ZARADI AMORTIZIRANJA	 Da			
055	POPRAVEK VREDNOSTI DRUGIH OPREDMETRENIH OSNOVNIH SREDSTEV  ZARADI AMORTIZIRANJA	 Da			
0550	POPRAVEK VREDNOSTI DRUGIH OPREDMETRENIH OSNOVNIH SREDSTEV	 Da			
0551	POPRAVEK VREDNOSTI DRUGIH OPREDMETRENIH OSNOVNIH SREDSTEV-LEASING	 Da			
056	POPRAVEK VREDNOSTI VLAGANJ V OPREDMETENA OSNOVNA SREDSTVA V TUJI LASTI	 Da			
058	OSLABITEV VREDNOSTI BIOLOŠKIH SREDSTEV	 Da			
059	OSLABITEV VREDNOSTI DRUGIH OPREDMETENIH OSNOVNIH SREDSTEV	 Da			
06	DOLGOROČNE FINANČNE NALOŽBE, RAZEN POSOJIL	  			
060	DOLGOROČNE FINANČNE NALOŽBE V DELNICE IN DELEŽEORGANIZACIJ V SKUPINI, RAZPOREJENE IN IZMERJENE PO NABAVNI VREDNOSTI	 Da			
0600	DOLGOROČNE FINANČNE NALOŽBE V DELNICE IN DELEŽE DRUŽB V SKUPINI, RAZPOREJENE IN IZMERJENE PO NABAVNI VREDNOSTI	 Da			
063	DOLGOROČNE FINANČNE NALOŽBE V DELNICE IN DELEŽE PRIDRUŽENIH ORGANIZACIJ IN SKUPAJ OBVLADOVANIH ORGANIZACIJ, RAZPOREJENE IN IZMERJENE PO NABAVNI VREDNOSTI	 Da			
066	DRUGE DOLGOROČNE FINANČNE NALOŽBE, RAZPOREJENE IN IZMERJENE PO NABAVNI VREDNOSTI	 Da			
0660	DRUGE DOLGOROČNE FINANČNE NALOŽBE, RAZPOREJENE IN IZMERJENE PO NABAVNI VREDNOSTI	 Da			
061	DOLGOROČNE FINANČNE NALOŽBE V DELNICE IN DELEŽE DRUŽB V SKUPINI, RAZPOREJENE IN IZMERJENE PO POŠTENI VREDNOSTI PREK POSLOVNEGA IZIDA	 Da	  		  
062	DOLGOROČNE FINANČNE NALOŽBE V DELNICE IN DELEŽE DRUŽB V SKUPINI, RAZPOREJENE IN IZMERJENE PO POŠTENI VREDNOSTI PREK KAPITALA	 Da	  		  
063	DOLGOROČNE FINANČNE NALOŽBE V DELNICE IN DELEŽE PRIDRUŽENIH DRUŽB IN SKUPAJ OBVLADOVANIH DRUŽB, RAZPOREJENE IN IZMERJENE PO NABAVNI VREDNOSTI	 Da	  		  
064	DOLGOROČNE FINANČNE NALOŽBE V DELNICE IN DELEŽE PRIDRUŽENIH DRUŽB IN SKUPAJ OBVLADOVANIH DRUŽB, RAZPOREJENE IN IZMERJENE PO POŠTENI VREDNOSTI PREK POSLOVNEGA IZIDA	 Da	  		  
065	DOLGOROČNE FINANČNE NALOŽBE V DELNICE IN DELEŽE PRIDRUŽENIH DRUŽB IN SKUPAJ OBVLADOVANIH DRUŽB, RAZPOREJENE IN IZMERJENE PO POŠTENI VREDNOSTI PREK KAPITALA	 Da	  		  
066	DRUGE DOLGOROČNE FINANČNE NALOŽBE, RAZPOREJENE IN IZMERJENE PO NABAVNI VREDNOSTI	 Da	  		  
067	DRUGE DOLGOROČNE FINANČNE NALOŽBE, RAZPOREJENE IN IZMERJENE PO POŠTENI VREDNOSTI PREK POSLOVNEGA IZIDA	 Da			
068	DRUGE DOLGOROČNE FINANČNE NALOŽBE, RAZPOREJENE IN IZMERJENE PO POŠTENI VREDNOSTI PREK KAPITALA OZIROMA LASTNEGA VIRA SREDSTEV	 Da			
069	OSLABITEV VREDNOSTI DOLGOROČNIH FINANČNIH NALOŽB	 Da			
07	DANA DOLGOROČNA POSOJILA IN TERJATVE ZA NEVPLAČANI VPOKLICANI KAPITAL	  			
070	DOLGOROČNA POSOJILA, DANA NA PODLAGI POSOJILNIH POGODBORGANIZACIJAM V SKUPINI, VKLJUČNO Z DOLGOROČNIMI TERJATVAMI IZ FINANČNEGA NAJEMA	 Da			
071	DOLGOROČNA POSOJILA, DANA NA PODLAGI POSOJILNIH POGODB PRIDRUŽENIM ORGANIZACIJAM IN SKUPAJ OBVLADOVANIM ORGANIZACIJAM, VKLJUČNO Z DOLGOROČNIMI TERJATVAMI FINANČNEGA NAJEMA	 Da			
072	DOLGOROČNA POSOJILA, DANA DRUGIM, VKLJUČNO Z DOLGOROČNIMI TERJATVAMI IZ FINANČNEGA NAJEMA	 Da			
0720	DOLGOROČNA POSOJILA, DANA DRUGIM, VKLJUČNO Z DOLGOROČNIMI TERJATVAMI IZ FINANČNEGA NAJEMA	 Da			
073	DOLGOROČNA POSOJILA, DANA Z ODKUPOM OBVEZNIC OD DRUŽB V SKUPINI	 Da			
074	DOLGOROČNA POSOJILA, DANA Z ODKUPOM OBVEZNIC OD PRIDRUŽENIH ORGANIZACIJ IN SKUPAJ OBVLADOVANIH ORGANIZACIJ	 Da			
075	DOLGOROČNA POSOJILA, DANA Z ODKUPOM OBVEZNIC OD DRUGIH	 Da			
076	DOLGOROČNE TERJATVE ZA NEVPLAČANI VPOKLICANI KAPITAL	 Da			
077	DRUGA DOLGOROČNO VLOŽENA SREDSTVA	 Da			
078	DANI DOLGOROČNI DEPOZITI	 Da			
079	OSLABITEV VREDNOSTI DANIH DOLGOROČNIH POSOJIL	 Da			
08	DOLGOROČNE POSLOVNE TERJATVE	  			
080	DOLGOROČNI BLAGOVNI KREDITI, DANI V DRŽAVI	 Da			
081	DOLGOROČNI BLAGOVNI KREDITI, DANI V TUJINI	 Da			
082	DANI DOLGOROČNI POTROŠNIŠKI KREDITI	 Da			
083	DANI DOLGOROČNI PREDUJMI	 Da			
084	DANE DOLGOROČNE VARŠČINE	 Da			
086	DRUGE DOLGOROČNE POSLOVNE TERJATVE	 Da			
0860	DRUGE DOLGOROČNE POSLOVNE TERJATVE	 Da			
089	OSLABITEV VREDNOSTI DOLGOROČNIH POSLOVNIH TERJATEV	 Da			
09	ODLOŽENE TERJATVE ZA DAVEK	  			
090	ODLOŽENE TERJATVE ZA DAVEK IZ ODBITNIH ZAČASNIH RAZLIK	 Da			
091	ODLOŽENE TERJATVE ZA DAVEK IZ NEIZRABLJENIH DAVČNIH IZGUB, PRENESENIH V NASLEDNJA DAVČNA OBDOBJA	 Da			
0919	TERJATVE NA LASTNIŠKEM RAČUNU	 Da			
092	ODLOŽENE TERJATVE ZA DAVEK IZ DAVČNIH DOBROPISOV, PRENESENIH V NASLEDNJA DAVČNA OBDOBJA	 Da			
1	KRATKOROČNA SREDSTVA, RAZEN ZALOG, IN KRATKOROČNE AKTIVNE ČASOVNE RAZMEJITVE	  			
10	DENARNA SREDSTVA V BLAGAJNI IN TAKOJ UDENARLJIVI VREDNOSTNI PAPIRJI	  			
100	DENARNA SREDSTVA NA RAČUNIH, RAZEN DEVIZNIH	 Da			
1000	DENARNA SREDSTVA V BLAGAJNI	 Da			
1001	POMOŽNA BLAGAJNA	 Da	  		  
1009	PREHODNA BLAGAJNA	 Da	  		  
101	DEVIZNA SREDSTVA V BLAGAJNI	 Da			
102	IZDANI ČEKI (ODBITNA POSTAVKA)	 Da			
103	PREJETI ČEKI	 Da			
1030	PREJETI ČEKI	 Da			
104	NETVEGANI TAKOJ UDENARLJIVI DOLŽNIŠKI VREDNOSTNI PAPIRJI	 Da			
1040	NETVEGANI TAKOJ UDENARLJIVI DOLŽNIŠKI VREDNOSTNI PAPIRJI	 Da			
109	DENAR NA POTI	 Da			
1090	DENAR NA POTI	 Da			
11	DOBROIMETJE PRI BANKAH IN DRUGIH FINANČNIH INŠTITUCIJAH	  			
110	DENARNA SREDSTVA NA RAČUNIH, RAZEN DEVIZNIH	 Da			
1100	DENARNA SREDSTVA NA RAČUNIH-PBS	 Da			
1101	DENARNA SREDSTVA NA RAČUNIH-NKBM	 Da			
1102	DENARNA SREDSTVA NA RAČUNIH-XX	 Da			
1109	PREHODNI KONTO ZA NERAZPOREJENA PLAČILA	 Da			
11091	DOGOVORNE KOMPENZACIJE - PREHODNI KONTO	 Da	  		  
11092	DOGOVORNE KOMPENZACIJE - OBVEZNI POBOT	 Da	  		  
111	KRATKOROČNI DEPOZITI OZIROMA DEPOZITI NA ODPOKLIC, RAZEN DEVIZNIH	 Da			
1110	DEPOZITI NA ODPOKLIC	 Da			
112	DEVIZNA SREDSTVA NA RAČUNIH	 Da			
1120	DEVIZNA SREDSTVA NA RAČUNIH	 Da			
1129	DEVIZNA SREDSTVA NA RAČUNIH - PREHODNI KONTO	 Da	  		  
113	KRATKOROČNI DEVIZNI DEPOZITI OZIROMA DEVIZNI DEPOZITI NA ODPOKLIC	 Da			
114	DENARNA SREDSTVA NA POSEBNIH RAČUNIH OZIROMA ZA POSEBNE NAMENE	 Da			
12	KRATKOROČNE TERJATVE DO KUPCEV	  			
120	KRATKOROČNE TERJATVE DO KUPCEV V DRŽAVI	 Da			
1200	TERJATEV DO KUPCEV V DRŽAVI	 Da			
1201	KRATKOROČNE TERJATVE DO KUPCEV MALOPRODAJA	 Da	  		  
1202	KRATKOROČNE TERJARVE DO KUPCEV PROIZV.DOMA	 Da	  		  
1209	TERJATEV DO KUPCEV V DRŽAVI-SPORNO	 Da			
121	KRATKOROČNE TERJATVE DO KUPCEV V TUJINI	 Da			
1210	TERJATEV DO KUPCEV V TUJINI	 Da			
122	KRATKOROČNI BLAGOVNI KREDITI, DANI KUPCEM V DRŽAVI	 Da			
123	KRATKOROČNI BLAGOVNI KREDITI, DANI KUPCEM V TUJINI	 Da			
124	KRATKOROČNI POTROŠNIŠKI KREDITI, DANI KUPCEM V DRŽAVI	 Da			
125	KRATKOROČNET TERJATVE DO ČLANOV	 Da			
126	KRATKOROČNE TERJATVE ZA NEZARAČUNANO BLAGO IN STORITVE	 Da			
129	OSLABITEV VREDNOSTI KRATKOROČNIH TERJATEV DO KUPCEV	 Da			
1290	OSLABITEV VREDNOSTI KRATKOROČNIH TERJATEV DO KUPCEV	 Da			
13	DANI KRATKOROČNI PREDUJMI IN VARŠČINE	  			
130	KRATKOROČNI PREDUJMI, DANI ZA OPREDMETENA OSNOVNA SREDSTVA	 Da			
1300	PREDUJMI,DANI ZA OPREDMETENA OSNOVNA SREDSTVA	 Da			
131	KRATKOROČNI PREDUJMI, DANI ZA NEOPREDMETENA OSNOVNA SREDSTVA	 Da			
1310	PREDUJMI,DANI ZA NEOPREDMETENA OSNOVNA SREDSTVA	 Da			
132	KRATKOROČNI PREDUJMI, DANI ZA ZALOGE MATERIALA IN BLAGA TER ŠE NE OPRAVLJENE STORITVE	 Da			
1320	PREDUJMI,DANI ZA ZALOGE BLAGA IN MATERIALA TER STORITVE	 Da			
133	DRUGI DANI KRATKOROČNI PREDUJMI IN PREPLAČILA	 Da			
1330	DRUGI DANI  PREDUJMI IN PREPLAČILA	 Da			
134	DANE KRATKOROČNE VARŠČINE	 Da			
1340	DANE  VARŠČINE	 Da			
139	OSLABITEV VREDNOSTI DANIH KRATKOROČNIH PREDUJMOV, PREPLAČIL IN VARŠČIN	 Da			
14	KRATKOROČNE TERJATVE IZ POSLOVANJA ZA TUJ RAČUN	  			
140	KRATKOROČNE TERJATVE DO IZVOZNIKOV	 Da			
141	KRATKOROČNE TERJATVE IZ UVOZA ZA TUJ RAČUN	 Da			
142	KRATKOROČNE TERJATVE IZ KOMISIJSKE IN KONSIGNACIJSKE PRODAJE	 Da			
145	DRUGE KRATKOROČNE TERJATVE IZ POSLOVANJA ZA TUJ RAČUN	 Da			
149	OSLABITEV VREDNOSTI KRATKOROČNIH TERJATEV IZ POSLOVANJA ZA TUJ RAČUN	 Da			
15	KRATKOROČNE TERJATVE, POVEZANE S FINANČNIMI PRIHODKI	  			
150	KRATKOROČNE TERJATVE ZA OBRESTI	 Da			
1500	TERJATVE ZA OBRESTI	 Da			
151	KRATKOROČNE TERJATVE ZA DIVIDENDE	 Da			
1510	KRATKOROČNE TERJATVE ZA DIVIDENDE	 Da			
152	KRATKOROČNE TERJATVE ZA DRUGE DELEŽE V DOBIČKU	 Da			
155	DRUGE KRATKOROČNE TERJATVE, POVEZANE S FINANČNIMI PRIHODKI	 Da			
159	OSLABITEV VREDNOSTI KRATKOROČNIH TERJATEV, POVEZANIH S FINANČNIMI PRIHODKI	 Da			
16	DRUGE KRATKOROČNE TERJATVE	  			
160	KRATKOROČNE TERJATVE ZA ODBITNI DDV 	 Da			
1600	KRATKOROČNE TERJATVE ZA ODBITNI DDV	 Da			
1601	KRATKOROČNE TERJATVE ZA ODBITNI DDV 22 %	 Da			
1602	KRATKOROČNE TERJATVE ZA ODBITNI DDV 9.5 %	 Da			
1603	KRATKOROČNE TERJ. PAVŠALNO NADOMESTILO	 Da			
1604	KRATKOROČNE TERJATVE ZA ODBITNI DDV V PREDPLAČILIH 22%	 Da			
1605	KRATKOROČNE TERJATVE ZA ODBITNI DDV V PREDPLAČILIH 9.5 %	 Da	  		  
1606	KRATKOROČNE TERJATVE ZA ODBITNI DDV - UVOZ 22 %	 Da	  		  
1607	TERJATVE ZA VSTOPNI DDV ZA DAVČNO OBDOBJE	 Da			
1608	TERJATVE ZA VRAČILO RAZLIKE MED VSTOPNIM IN OBRAČUNANIM DDV ZA DAVČNO OBDOBJE	 Da			
161	KRATKOROČNE TERJATVE ZA DAVEK OD DOHODKOV PRAVNIH OSEB, VKLJUČNO Z DAVKOM, PLAČANIM V TUJINI	 Da			
1610	TERJATVE ZA DAVEK OD DOHODKOV PRAVNIH OSEB, VKLJUČNO Z DAVKOM, PLAČANIM V TUJINI	 Da			
16160	KRATKOROČNE TERJATVE ZA BRUTO REFUNDIRANE PLAČE	 Da			
162	KRATKOROČNE TERJATVE ZD DOHODNINO OD DOHODKA IZ DEJAVNOSTI S.P., VKLJUČNO Z DAVKOM PLAČANIM V TUJINI	 Da			
164	DRUGE KRATKOROČNE TERJATVE DO DRŽAVNIH IN DRUGIH INŠTITUCIJ	 Da			
165	OSTALE KRATKOROČNE TERJATVE	 Da			
1650	TERJATVE DO ZAPOSLENIH IZ NASLOVA PREDUJMOV ZA POTNE STROŠKE	 Da			
1651	TERJATVE IZ NASLOVA PLAČILNIH KARTIC PO DNEVNEM IZTRŽKU	 Da			
1652	TERJATVE IZ NASLOVA VRNJENEGA BLAGA DOBAVITELJEM	 Da			
1659	OSTALE KRATKOROČNE TERJATVE	 Da			
166	KRATKOROČNE TERJATVE ZA DDV, VRNJEN TUJCEM	 Da			
167	KRATKOROČNE TERJATVE ZA DDV, PLAČAN V TUJINI	 Da			
169	OSLABITEV VREDNOSTI DRUGIH KRATKOROČNIH TERJATEV	 Da			
1690	OSLABITEV VREDNOSTI DRUGIH KRATKOROČNIH TERJATEV	 Da			
17	KRATKOROČNE FINANČNE NALOŽBE, RAZEN POSOJIL	  			
170	KRATKOROČNE FINANČNE NALOŽBE V DELNICE IN DELEŽE ORGANIZACOJ V SKUPINI, RAZPOREJENE IN IZMERJENE PO NABAVNI VREDNOSTI	 Da			
171	KRATKOROČNE FINANČNE NALOŽBE V DELNICE IN DELEŽE DRUŽB V SKUPINI, ZRAZPOREJENI IN IZMERJENE PO POŠTENI VREDNOSTI PREK POSLOVNEGA IZIDA	 Da	  		  
172	KRATKOROČNE FINANČNE NALOŽBE V DELNICE IN DELEŽE DRUŽB V SKUPINI, ZRAZPOREJENI IN IZMERJENE PO POŠTENI VREDNOSTI PREK KAPITALA	 Da	  		  
173	KRATKOROČNE FINANČNE NALOŽBE V DELNICE IN DELEŽE PRIDRUŽENIH ORGANIZACIJIN SKUPAJ OBVLADOVANIH ORGANIZACIJ, RAZPOREJENE IN IZMERJENE PO NABAVNI VREDNOSTI	 Da			
174	KRATKOROČNE FINANČNE NALOŽBE V DELNICE IN DELEŽE PRIDRUŽENIH DRUŽB  IN SKUPAJ OBVLADOVANIH DRUŽB, RAZPOREJENE IN IZMERJENE PO POŠTENI VREDNOSTI PREK POSLOVNEGA IZIDA	 Da	  		  
175	KRATKOROČNE FINANČNE NALOŽBE V DELNICE IN DELEŽE PRIDRUŽENIH DRUŽB  IN SKUPAJ OBVLADOVANIH DRUŽB, RAZPOREJENE IN IZMERJENE PO POŠTENI VREDNOSTI PREK KAPITALA	 Da	  		  
176	DRUGE KRATKOROČNE FINANČNE NALOŽBE, RAZPOREJENE IN IZMERJENE PO NABAVNI VREDNOSTI	 Da			
1760	DRUGE KRATKOROČNE FINANČNE NALOŽBE, RAZPOREJENE IN IZMERJENE PO NABAVNI VREDNOSTI	 Da			
177	DRUGE KRATKOROČNE FINANČNE NALOŽBE, RAZPOREJENE IN IZMERJENE PO POŠTENI VREDNOSTI PREK POSLOVNEGA IZIDA	 Da			
178	DRUGE KRATKOROČNE FINANČNE NALOŽBE, RAZPOREJENE IN IZMERJENE PO POŠTENI VREDNOSTI PREK KAPITALA OZIROMA LASTNEGA VIRA SREDSTEV	 Da			
179	OSLABITEV VREDNOSTI KRATKOROČNIH FINANČNIH NALOŽB	 Da			
18	KRATKOROČNA POSOJILA IN KRATKOROČNE TERJATVE ZA NEVPLAČANI KAPITAL	  			
180	KRATKOROČNA POSOJILA, DANA NA PODLAGI POSOJILNIH POGODB ORGANIZACIJAM V SKUPINI	 Da			
181	KRATKOROČNA POSOJILA, DANA NA PODLAGI POSOJILNIH POGODB PRIDRUŽENIM ORGANIZACIJAM IN SKUPAJ OBVLADOVANIM DRUŽBAM	 Da			
182	KRATKOROČNA POSOJILA, DANA DRUGIM, VKLJUČNO S KRATKOROČNIMI TERJATVAMI IZ FINANČNEGA NAJEMA	 Da			
1820	POSOJILA DANA DRUGIM	 Da			
183	KRATKOROČNI DEPOZITI V BANKAH IN DRUGIH FINANČNIH ORGANIZACIJAH	 Da			
1830	DEPOZITI V BANKAH IN DRUGIH FINANČNIH ORGANIZACIJAH	 Da			
184	DANA KRATKOROČNA POSOJILA Z ODKUPOM OBVEZNIC	 Da			
185	PREJETE MENICE	 Da			
186	DANA KRATKOROČNA POSOJILA Z ODKUPOM DRUGIH DOLŽNIŠKIH VREDNOSTNIH PAPIRJEV	 Da			
187	KRATKOROČNO NEVPLAČANI VPOKLICANI KAPITAL	 Da			
189	OSLABITEV VREDNOSTI KRATKOROČNIH POSOJIL	 Da			
19	KRATKOČNE AKTIVNE ČASOVNE RAZMEJITVE	  			
190	KRATKOROČNO ODLOŽENI STROŠKI OZIROMA ODHODKI	 Da			
1900	ODLOŽENI STROŠKI OZIROMA ODHODKI	 Da			
191	KRATKOROČNO NEZARAČUNANI PRIHODKI	 Da			
192	VREDNOTNICE	 Da			
195	DDV OD PREJETIH PREDUJMOV	 Da			
1950	DDV OD PREJETIH PREDUJMOV	 Da			
2	KRATKOROČNE OBVEZNOSTI (DOLGOVI) IN KRATKOROČNE PASIVNE ČASOVNE RAZMEJITVE	  			
21	OBVEZNOSTI, VKLJUČENE V SKUPINE ZA ODTUJITEV	  			
210	OBVEZNOSTI, VKLJUČENE V SKUPINE ZA ODTUJITEV	 Da			
22	KRATKOROČNE OBVEZNOSTI (DOLGOVI) DO DOBAVITELJEV	  			
220	KRATKOROČNE OBVEZNOSTI (DOLGOVI) DO DOBAVITELJEV V DRŽAVI	 Da			
2200	KRATKOROČNE OBVEZNOSTI DO DOBAVITELJEV V DRŽAVI	 Da			
2209	KRATKOROČNE OBVEZNOSTI DO DOBAVITELJEV V DRŽAVI-SPORNO	 Da			
221	KRATKOROČNE OBVEZNOSTI (DOLGOVI) DO DOBAVITELJEV V TUJINI	 Da			
2210	KRATKOROČNE OBVEZNOSTI DO DOBAVITELJEV V TUJINI	 Da			
222	KRATKOROČNI BLAGOVNI KREDITI, PREJETI V DRŽAVI	 Da			
223	KRATKOROČNI BLAGOVNI KREDITI, PREJETI V TUJINI	 Da			
224	KRATKOROČNE OBVEZNOSTI (DOLGOVI) ZA NEZARAČUNANE BLAGO IN STORITVE	 Da			
23	PREJETI KRATKOROČNI PREDUJMI IN VARŠČINE	  			
230	PREJETI KRATKOROČNI PREDUJMI	 Da			
2300	PREJETI PREDUJMI	 Da			
231	PREJETE KRATKOROČNE VARŠČINE	 Da			
2310	PREJETE VARŠČINE	 Da			
24	KRATKOROČNE OBVEZNOSTI IZ POSLOVANJA ZA TUJ RAČUN	  			
240	KRATKOROČNE OBVEZNOSTI IZ IZVOZA ZA TUJ RAČUN	 Da			
241	KRATKOROČNE OBVEZNOSTI DO UVOZNIKOV	 Da			
242	KRATKOROČNE OBVEZNOSTI IZ KOMISIJSKE IN KONSIGNACIJSKE PRODAJE	 Da			
245	DRUGE KRATKOROČNE OBVEZNOSTI IZ POSLOVANJA ZA TUJ RAČUN	 Da			
25	KRATKOROČNE OBVEZNOSTI ZA PLAČE	  			
250	KRATKOROČNE OBVEZNOSTI ZA VRAČUNANE IN NEOBRAČUNANE PLAČE	 Da			
2500	OBVEZNOSTI ZA VRAČUNANE IN NEOBRAČUNANE PLAČE	 Da			
251	KRATKOROČNE OBVEZNOSTI ZA NETO PLAČE IN NADOMESTILA PLAČ	 Da			
2510	OBVEZNOSTI ZA ČISTE PLAČE IN NADOMESTILA PLAČ	 Da			
252	KRATKOROČNE OBVEZNOSTI ZA PRISPEVKE ZA SOCIALNO VARNOST PO VRSTAH PRISPEVKOV	 Da			
253	KRATKOROČNE OBVEZNOSTI ZA PRISPEVKE IZ BRUTO PLAČ IN NADOMESTIL PLAČ	 Da			
2530	OBVEZNOSTI ZA PRISPEVKE SPIZ IZ BRUTO PLAČ	 Da			
2531	OBVEZNOSTI ZA PRISPEVKE ZA ZDRAV. ZAVAR. IZ BRUTO PLAČ	 Da			
2533	OBVEZNOSTI ZA PRISPEVKE ZA ZAPOSL. IZ BRUTO PLAČ	 Da			
2534	OBVEZNOSTI ZA PRISPEVKE ZA STARŠ. VAR. IZ BRUTO PLAČ	 Da			
254	KRATKOROČNE OBVEZNOSTI ZA DAVKE IZ BRUTO PLAČ IN NADOMESTIL PLAČ	 Da			
2540	OBVEZNOSTI ZA DAVKE IZ KOSMATIH PLAČ IN NADOMESTIL PLAČ	 Da			
255	KRATKOROČNE OBVEZNOSTI ZA DRUGE PREJEMKE IZ DELOVNEGA RAZMERJA	 Da			
2550	OBVEZNOSTI DO ZAPOSLENIH ZA DRUGE PREJEMKE IZ DELOVNEGA RAZMERJA	 Da			
2551	OBVEZNOSTI DO ZAPOSLENIH ZA GOTOVINSKE MATERIALNE STROŠKE	 Da			
2552	KRATKOROČNE OBVEZNOSTI DO ZAPOSLENIH ZA POTNE STROŠKE	 Da			
2553	KRATKOROČNE OBVEZNOSTI DO ZAPOSLENIH ZA NADOMESTILO ZA MALICO	 Da			
2554	KRATKOROČNE OBVEZNOSTI DO ZAPOSLENIH ZA POVRAČILO STROŠKOV PREVOZA NA DELO	 Da			
2555	KRATKOROČNE OBVEZNOSTI DO ŠTIPENDISTOV	 Da			
256	KRATKOROČNE OBVEZNOSTI ZA PRISPEVKE IZ DRUGIH PREJEMKOV IZ DELOVNEGA RAZMERJA, KI SE NE OBRAČUNAVAJO SKUPAJ S PLAČAMI	 Da			
2560	KRATKOROČNE OBVEZNOSTI ZA PRISPEVKE IZ DRUGIH PREJEMKOV IZ DELOVNEGA RAZMERJA, KI SE NE OBRAČUNAVAJO SKUPAJ S PLAČAMI	 Da	  		  
257	KRATKOROČNE OBVEZNOSTI ZA DAVEK IZ DRUGIH PREJEMKOV IZ DELOVNEGA RAZMERJA, KI SE NE OBRAČUNAVAJO SKUPAJ S PLAČAMI	 Da			
2570	OBVEZNOSTI ZA DAVEK IZ DRUGIH PREJEMKOV IZ DELOVNEGA RAZMERJA	 Da			
258	OBVEZNOSTI ZA PRISPEVKE IZPLAČEVALCA	 Da			
26	OBVEZNOSTI DO DRŽAVNIH IN DRUGIH INŠTITUCIJ	  			
260	OBVEZNOSTI ZA OBRAČUNANI DDV	 Da			
2600	DDV-22%	 Da			
2601	DDV-9,5%	 Da			
2602	DDV-SAMOOBDAVČITEV	 Da			
2604	OBVEZNOST ZA DDV V PREDPLAČILIH  22%	 Da	  		  
2605	OBVEZNOST ZA DDV V PREDPLAČILIH  9,5%	 Da	  		  
2608	OBVEZNOST ZA OBRAČUNANI DDV ZA DAVČNO OBDOBJE	 Da			
261	OBVEZNOST ZA PLAČILO RAZLIKE MED OBRAČUNANIM IN VSTOPNIM DDV ZA DAVČNO OBDOBJE	 Da			
262	OBVEZNOSTI ZA DDV, CARINO IN DRUGE DAJATVE OD UVOŽENEGA BLAGA	 Da			
2620	OBVEZNOSTI ZA DDV, CARINO IN DRUGE DAJATVE OD UVOŽENEGA BLAGA	 Da			
2621	OBVEZNOSTI ZA PRISPEVKE	 Da			
2622	OBVEZNOSTI ZA PRISPEVKE SPIZ NA BRUTO PLAČE	 Da			
2623	OBVEZNOSTI ZA PRISPEVKE ZA ZDRAV. ZAVAR. NA BRUTO PLAČE	 Da			
2624	OBVEZNOSTI ZA PRISPEVKE ZA ZAV. NESR. PRI DELU NA BRUTO PLAČE	 Da			
263	OBVEZNOSTI ZA PRISPEVKE ZA ZAPOSL. NA BRUTO PLAČE	 Da			
2630	OBVEZNOSTI ZA PRISPEVKE ZA STARŠ. VAR. NA BRUTO PLAČE	 Da			
264	OBVEZNOSTI ZA AKONTACIJO DOHODNINE OD DOHODKA IZ DEJAVNOSTI	 Da			
2640	OBVEZNOSTI ZA AKONTACIJO DOHODNINE OD DOHODKA IZ DEJAVNOSTI	 Da			
265	OBVEZNOSTI ZA DAVEK OD DOHODKOV PRAVNIH OSEB	 Da			
2650	OBVEZNOSTI ZA DAVEK OD DOHODKOV	 Da			
2651	OBVEZNOSTI ZA DAVČNI ODTEGLJAJ	 Da			
2652	PRISPEVKI ZASEBNIKOV - ZA ZAPOSLOVANJE IN ZA PORODNIŠKO VARSTVO	 Da			
2653	PRISPEVKI ZASEBNIKOV - ZA POKOJNINSKO ZAVAROVANJE	 Da			
2654	PRISPEVKI ZASEBNIKOV - ZDRAVSTVENO VARSTVO	 Da			
2655	PRISPEVKI ZASEBNIKOV - ČLANARINA	 Da			
2658	KRATKOROČNE OBVEZNOSTI ZA DOHODNINO- DAVČNI ODTEGLJAJ	 Da			
2659	KRATKOROČNE OBVEZNOSTI ZA DOHODNINO IZ AVTORSKEGA HONORARJA	 Da			
26592	KRATKOROČNE OBVEZNOSTI ZA DOHODNINO IZ PODJEMNE POGODBE	 Da			
26593	DRUGE OBVEZNOSTI DO DRŽAVNIH INSTITUCIJ	 Da			
26594	OBVEZNOSTI ZA PRISPEVKE ZA ZDRAVSTVENO ZAVAROVANJE	 Da			
266	DRUGE KRATKOROČNE OBVEZNOSTI DO DRŽAVNIH IN DRUGIH INŠTITUCIJ	 Da			
2660	DRUGE KRATKOROČNE OBVEZNOSTI DO DRŽAVNIH IN DRUGIH INŠTITUCIJ	 Da			
2661	DRUGE KRATKOROČNE OBVEZNOSTI DO DRŽAVNIH IN DRUGIH INŠTITUCIJ	 Da			
27	KRATKOROČNE FINANČNE OBVEZNOSTI	  			
270	KRATKOROČNA POSOJILA, DOBLJENA PRI DRUŽBAH V SKUPINI	 Da			
271	KRATKOROČNA POSOJILA, DOBLJENA PRI PRIDRUŽENIH DRUŽBAH IN SKUPAJ OBVLADOVANIH DRUŽBAH	 Da			
272	KRATKOROČNA POSOJILA, DOBLJENA PRI BANKAH IN DRUŽBAH V DRŽAVI	 Da			
2720	KRATKOROČNA POSOJILA, DOBLJENA PRI BANKAH IN DRUŽBAH V DRŽAVI	 Da			
2721	KRATKOROČNA POSOJILA, DOBLJENA PRI BANKAH IN DRUŽBAH V DRŽAVI	 Da			
273	KRATKOROČNA POSOJILA, DOBLJENA PRI BANKAH IN DRUŽBAH V TUJINI	 Da			
2731	KRATKOROČNA POSOJILA, DOBLJENA PRI BANKAH IN DRUŽBAH V TUJINI	 Da			
274	KRATKOROČNE FINANČNE OBVEZNOSTI V ZVEZI Z OBVEZNICAMI	 Da			
275	KRATKOROČNE OBVEZNOSTI V ZVEZI Z RAZDELITVIJO POSLOVNEGA IZIDA	 Da			
2750	KRATKOROČNE OBVEZNOSTI V ZVEZI Z RAZDELITVIJO POSLOVNEGA IZIDA	 Da			
276	KRATKOROČNA POSOJILA DOBLJENA PRI FIZIČNIH OSEBAH	 Da			
2760	KRATKOROČNA POSOJILA DOBLJENA PRI FIZIČNIH OSEBAH	 Da			
277	KRATKOROČNE OBVEZNOSTI V ZVEZI Z RAZDELITVIJO POSLOVNEGA IZIDA	 Da			
2770	KRATKOROČNE OBVEZNOSTI V ZVEZI Z RAZDELITVIJO POSLOVNEGA IZIDA	 Da			
278	OBVEZNOSTI IZ VPLAČILA KAPITALA DO VPISA V SODNI REGISTER	 Da			
279	DRUGE KRATKOROČNE FINANČNE OBVEZNOSTI	 Da			
28	DRUGE KRATKOROČNE OBVEZNOSTI	  			
280	KRATKOROČNE OBVEZNOSTI ZA OBRESTI	 Da			
2800	KRATKOROČNE OBVEZNOSTI ZA OBRESTI	 Da			
281	KRATKOROČNE MENIČNE OBVEZNOSTI	 Da			
282	KRATKOROČNE OBVEZNOSTI NA PODLAGI ODTEGLJAJEV OD PLAČ IN NADOMESTIL PLAČ ZAPOSLENCEM	 Da			
2820	KRATKOROČNE OBVEZNOSTI NA PODLAGI ODTEGLJAJEV OD PLAČ IN NADOMESTIL PLAČ ZAPOSLENCEM	 Da			
285	OSTALE KRATKOROČNE POSLOVNE OBVEZNOSTI	 Da			
2850	OBVEZNOST ZA IZPLAČILO AVTORSKIH HONORARJEV	 Da			
2851	OBVEZNOST ZA IZPLAČILO NAJEMNINE	 Da			
2852	OBVEZNOST ZA IZPLAČILO PRILOŽNOSTNIH DEL PO POGODBI	 Da			
2853	KRATKOROČNE OBVEZNOSTI ZA IZPLAČILO PODJEMNIH POGODB	 Da			
2854	KRATKOROČNE OBVEZNOSTI ZA IPLAČILO AVTORSKEGA HONORARJA	 Da			
2855	OBVEZNOST ZA KRATKOROČNO ZALOŽENA SREDSTVA	 Da	  		  
29	KRATKOROČNE PASIVNE ČASOVNE RAZMEJITVE	  			
290	VNAPREJ VRAČUNANI STROŠKI OZIROMA ODHODKI	 Da			
291	KRATKOROČNO ODLOŽENI PRIHODKI	 Da			
2910	KRATKOROČNO ODLOŽENI PRIHODKI	 Da			
295	DDV OD DANIH PREDUJMOV	 Da			
2950	DDV OD DANIH PREDUJMOV	 Da			
2951	DDV OD DANIH PREDUJMOV	 Da			
3	ZALOGE SUROVIN IN MATERIALA	  			
30	OBRAČUN NABAVE SUROVIN IN MATERIALA (TUDI DROBNEGA INVENTARJA IN EMBALAŽE)	  			
300	VREDNOST SUROVIN IN MATERIALA PO OBRAČUNIH DOBAVITELJEV	 Da			
3000	VREDNOST SUROVIN IN MATERIALA PO OBRAČUNIH DOBAVITELJEV	 Da	  		  
301	ODVISNI STROŠKI NABAVE SUROVIN IN MATERIALA	 Da			
3010	ODVISNI STROŠKI NABAVE SUROVIN IN MATERIALA	 Da	  		  
302	CARINA IN DRUGE UVOZNE DAVŠČINE OD SUROVIN IN MATERIALA	 Da			
3020	CARINA IN DRUGE UVOZNE DAVŠČINE OD SUROVIN IN MATERIALA	 Da	  		  
303	DDV IN DRUGE DAVŠČINE OD SUROVIN IN MATERIALA	 Da			
309	OBRAČUN NABAVE SUROVIN IN MATERIALA	 Da			
31	ZALOGE SUROVIN IN MATERIALA	  			
310	ZALOGE SUROVIN IN MATERIALA V SKLADIŠČU	 Da			
3100	ZALOGE SUROVIN IN MATERIALA V SKLADIŠČU	 Da			
311	ZALOGE SUROVIN IN MATERIALA V TUJEM SKLADIŠČU	 Da			
312	ZALOGE SUROVIN IN MATERIALA NA POTI	 Da			
316	ZALOGE SUROVIN IN MATERIALA V DODELAVI IN PREDELAVI	 Da			
319	ODMIKI OD CEN ZALOG SUROVIN IN MATERIALA	 Da			
32	ZALOGE DROBNEGA INVENTARJA IN EMBALAŽE	  			
320	ZALOGE DROBNEGA INVENTARJA IN EMBALAŽE V SKLADIŠČU	 Da			
3200	ZALOGE DROBNEGA INVENTARJA IN EMBALAŽE V SKLADIŠČU	 Da			
321	ZALOGE DROBNEGA INVENTARJA IN EMBALAŽE, DANE V UPORABO	 Da			
3210	ZALOGE DROBNEGA INVENTARJA IN EMBALAŽE, DANE V UPORABO	 Da			
329	ODMIKI OD CEN DROBNEGA INVENTARJA IN EMBALAŽE	 Da			
4	STROŠKI	  			
40	STROŠKI MATERIALA	  			
400	STROŠKI MATERIALA	 Da			
4000	STROŠKI MATERIALA	 Da			
4001	STROŠKI MATERIALA LASTNA PORABA	 Da	  		  
401	STROŠKI POMOŽNEGA MATERIALA	 Da			
4010	STROŠKI POMOŽNEGA MATERIALA	 Da			
402	STROŠKI ENERGIJE	 Da			
4020	STROŠKI ELEKTR. ENERGIJE	 Da			
4021	GORIVO	 Da			
4022	VODA	 Da			
4023	STROŠEK KURILNEGA OLJA	 Da			
403	STROŠKI NADOMESTNIH DELOV ZA OSNOVNA SREDSTVA IN MATERIALA ZA VZDRŽEVANJE OSNOVNIH SREDSTEV	 Da			
4030	STROŠKI NADOMESTNIH DELOV ZA OSNOVNA SREDSTVA IN MATERIALA ZA VZDRŽEVANJE OSNOVNIH SREDSTEV	 Da			
404	ODPIS DROBNEGA INVENTARJA IN EMBALAŽE	 Da			
4040	STROŠEK ODPISA DROBNEGA INVENTARJA IN EMBALAŽE	 Da			
405	USKLADITEV STROŠKOV MATERIALA IN DROBNEGA INVENTARJA ZARADI UGOTOVLJENIH POPISNIH RAZLIK	 Da			
4050	USKLADITEV STROŠKOV MATERIALA IN DROBNEGA INVENTARJA ZARADI UGOTOVLJENIH POPISNIH RAZLIK	Da	  		  
406	STROŠKI PISARNIŠKEGA MATERIALA IN STROKOVNE LITERATURE	 Da			
4060	STROŠKI PISARNIŠKEGA MATERIALA	 Da			
4061	STROŠEK STROKOVNE LITERATURE IN PUBLIKACIJ	 Da			
407	DRUGI STROŠKI MATERIALA	 Da			
4070	STROŠEK DRUGEGA MATERIALA	 Da			
41	STROŠKI STORITEV	  			
410	STROŠKI STORITEV PRI PROIZVAJANJU PROIZVODOV IN OPRAVLJANJU STORITEV	 Da			
4100	STROŠKI STORITEV PRI PROIZVAJANJU PROIZVODOV IN OPRAVLJANJU STORITEV	 Da			
411	STROŠKI TRANSPORTNIH STORITEV	 Da			
4111	STROŠKI PREVOZNIH STORITEV	Da	  		  
4110	STROŠKI CESTNIN,PARKIRNIN	 Da			
412	STROŠKI STORITEV V ZVEZI Z VZDRŽEVANJEM OPREDMETENIH OSNOVNIH SREDSTEV	 Da			
4120	STROŠKI STORITEV V ZVEZI Z VZDRŽEVANJEM OPREDMETENIH OSNOVNIH SREDSTEV	 Da			
413	NAJEMNINE	 Da			
4130	NAJEMNINE	 Da			
414	POVRAČILA STROŠKOV ZAPOSLENCEM V ZVEZI Z DELOM	 Da			
4140	POVRAČILA STROŠKOV V ZVEZI Z DELOM(DNEVNICE,ŠOLNINE)	 Da			
4141	STROŠEK KILOMETRINE NA SLUŽBENI POTI	 Da			
4142	STROŠEK DRUGI POVEZAN S SLUŽBENO POTJO	 Da			
4143	STROŠEK PRENOČEVANJA NA SLUŽBENI POTI	 Da			
4144	STROŠEK DNEVNIC ZA ZAPOSLENCE NAPOTENE NA DELO	 Da			
4145	STROŠEK KILOMETRINE ZA ZAPOSLENCE NAPOTENE NA DELO	 Da			
4146	STROŠEK DRUGI POVEZAN Z  NAPOTITVIJO  NA DELO	 Da			
4147	STROŠEK PRENOČEVANJA ZA ZAPOSLENCE NAPOTENE NA DELO	 Da			
4148	STROŠEK DRUGIH POTNIH STROŠKOV	 Da			
415	STROŠKI PLAČILNEGA PROMETA IN BANČNIH STORITEV TER ZAVAROVALNE PREMIJE	 Da			
4150	STROŠKI PLAČILNEGA PROMETA IN BANČNIH STORITEV	 Da			
4151	ZAVAROVALNE PREMIJE	 Da			
4152	STROŠEK BANČNIH STORITEV POVEZAN S PLAČILNIMI KARTICAMI	 Da			
416	STROŠKI INTELEKTUALNIH IN OSEBNIH STORITEV	 Da			
4160	STROŠKI INTELEKTUALNIH IN OSEBNIH STORITEV	 Da			
4161	STROŠEK PRAVNIH IN NOTARSKIH STORITEV	 Da			
4162	STROŠEK IZOBRAŽEVANJA	 Da			
4163	STROŠEK KOMERCIALNIH STORITEV	 Da			
4164	STROŠEK DRUGIH INTELEKTUALNIH STORITEV	 Da			
4165	SVETOVALNE STORITVE	 Da			
4166	STROŠEK ZDRAVSTVENIH STORITEV	 Da			
417	STROŠKI SEJMOV, REKLAME IN REPREZENTANCE	 Da			
4170	STROŠKI REKLAME 	 Da			
4171	STROŠKI REPREZENTANCE	 Da			
4172	STROŠEK DONACIJE IN SPONZORSTVA	 Da			
418	STROŠKI STORITEV FIZIČNIH OSEB, KI NE OPRAVLJAJO DEJAVNOSTI, SKUPAJ Z DAJATVAMI, KI BREMENIJO PODJETJE (STROŠKI PO POGODBAH O DELU, AVTORSKIH POGODBAH, SEJNINE ZAPOSLENCEM IN DRUGIM OSEBAM...)	 Da			
4180	STROŠKI STORITEV FIZIČNIH OSEB, KI NE OPRAVLJAJO DEJAVNOSTI, SKUPAJ Z DAJATVAMI, KI BREMENIJO PODJETJE (STROŠKI PO POGODBAH O DELU, AVTORSKIH POGODBAH, SEJNINE ZAPOSLENCEM IN DRUGIM OSEBAM...)	 Da			
4182	STROŠEK PODJEMNE POGODBE	 Da			
4183	STROŠEK AVTORSKEGA HONORARJA	 Da			
419	STROŠKI DRUGIH STORITEV	 Da			
4190	STROŠKI DRUGIH STORITEV	 Da			
4191	STROŠKI KOMUNALNIH STORTEV	 Da			
4192	STROŠKI TAKS IN ČLANARIN	 Da			
4193	STROŠKI ŠTUDENTSKIH STORITEV	 Da			
4194	STROŠKI POŠTNIH STORITEV	 Da			
4195	STROŠKI TELEFONSKIH STORITEV (GSM, TELEKOM, SIOL)	 Da			
4196	STROŠEK VZRŽEVANJA IN POSODOBITEVE RAČUNALNIŠKIH PROGRAMOV	 Da			
4197	STROŠEK IZ NASLOVA LASTNEGA VOZNEGA PARKA	 Da			
4198	STROŠEK KOMUNALE, OGREVANJA, VODE...	 Da			
43	AMORTIZACIJA	  			
430	AMORTIZACIJA NEOPREDMETENIH SREDSTEV	 Da			
4300	AMORTIZACIJA NEOPREDMETENIH SREDSTEV	 Da			
431	AMORTIZACIJA ZGRADB	 Da			
4310	STROŠEK AMORTIZACIJA ZGRADB	 Da			
432	AMORTIZACIJA OPREME IN NADOMESTNIH DELOV	 Da			
4320	AMORTIZACIJA OPREME IN NADOMESTNIH DELOV	 Da			
433	AMORTIZACIJA DROBNEGA INVENTARJA	 Da			
4330	STROŠEK AMORTIZACIJA DROBNEGA INVENTARJA	 Da			
434	AMORTIZACIJA DRUGIH OPREDMETENIH OSNOVNIH SREDSTEV	 Da			
4340	STROŠEK AMORTIZACIJE DRUGIH OPREDMETENIH OSNOVNIH SREDSTEV	 Da			
435	AMORTIZACIJA NALOŽBENIH NEPREMIČNIN	 Da			
4350	STROŠEK AMORTIZACIJE NALOŽBENIH NEPREMIČNIN	 Da			
436	AMORTIZACIJA BIOLOŠKIH SREDSTEV	 Da			
44	REZERVACIJE	  			
440	REZERVACIJE ZA STROŠKE REORGANIZACIJE PODJETJA	 Da			
441	REZERVACIJE ZA DANA JAMSTVA	 Da			
4410	STROŠEK REZERVACIJ ZA DANA JAMSTVA	 Da			
442	REZERVACIJE ZA KOČLJIVE POGODBE	 Da			
443	REZERVACIJE ZA POKOJNINE, JUBILEJNE NAGRADE IN ODPRAVNINE OB UPOKOJITVI	 Da			
449	REZERVACIJE ZA POKRIVANJE DRUGIH OBVEZNOSTI IZ PRETEKLEGA POSLOVANJA	 Da			
45	STROŠKI OBRESTI	  			
450	STROŠKI OBRESTI	 Da			
4500	STROŠKI OBRESTI	 Da			
47	STROŠKI DELA	  			
470	PLAČE ZAPOSLENCEV	 Da			
4700	PLAČE ZAPOSLENCEV	 Da			
471	NADOMESTILA PLAČ ZAPOSLENCEV	 Da			
472	STROŠKI DODATNEGA POKOJNINSKEGA ZAVAROVANJA ZAPOSLENCEV	 Da			
4720	STROŠEK DODATNEGA POKOJNINSKEGA ZAVAROVANJA ZAPOSLENCEV	 Da			
473	REGRES ZA LETNI DOPUST,BONITETE, POVRAČILA (ZA PREVOZ NA DELO IN Z NJEGA, ZA PREHRANO, ZA LOČENO ŽIVLJENJE) IN DRUGI PREJEMKI ZAPOSLENCEV	 Da			
4730	REGRES ZA LETNI DOPUST,BONITETE, POVRAČILA (ZA PREVOZ NA DELO IN Z NJEGA, ZA PREHRANO, ZA LOČENO ŽIVLJENJE) IN DRUGI PREJEMKI ZAPOSLENCEV	 Da			
4731	STROŠEK PREVOZA NA DELO	 Da			
4732	PREHRANA - ZAVAROVALNA PODLAGA 040	 Da			
4733	PREVOZ - ZAVAROVALNA PODLAGA 040	 Da			
4734	STROŠEK ODPRAVNINE	 Da			
4735	PLAČA - ZAVAROVALNA PODLAGA 040	Da	  		  
474	DELODAJALČEVI PRISPEVKI OD PLAČ, NADOMESTIL PLAČ, BONITET, POVRAČIL IN DRUGIH PREJEMKOV ZAPOSLENCEV	 Da			
4740	DELODAJALČEVI PRISPEVKI OD PLAČ, NADOMESTIL PLAČ, BONITET, POVRAČIL IN DRUGIH PREJEMKOV ZAPOSLENCEV	 Da			
4741	STROŠEK DELODAJALČEVIH  PRISPEVKOV OD PLAČ  SPIZ	 Da			
4742	STROŠEK PRISPEVKOV NA PLAČE OD  BONITET BREZ PRISPEVKA ZA ZPIZ	 Da			
4743	STROŠEK PRISPEVKOV NA PLAČE OD   BONITET ZA ZPIZ	 Da			
475	DRUGE DELODAJALČEVE DAJATVE OD PLAČ, NADOMESTIL PLAČ, BONITET, POVRAČIL IN DRUGIH PREJEMKOV ZAPOSLENCEV	 Da			
4750	STROŠEK DRUGIH DELODAJALČEVIH DAJATEV OD PLAČ	 Da			
476	NAGRADE VAJENCEM SKUPAJ Z DAJATVAMI, KI BREMENIJO PODJETJE	 Da			
477	STROŠKI POSLOVODSTVA, OBRAČUNANI NA PODLAGI KOT JE DELOVNO RAZMERJE	 Da			
478	DRUGI STRIŠKI DELA	 Da			
479	REZERVACIJE ZA POKOJNINE, JUBILEJNE NAGRADE IN ODPRAVNINE OB UPOKOJITVI	 Da			
48	DRUGI STROŠKI	  			
480	DAJATVE, KI NISO ODVISNE OD STROŠKOV DELA ALI DRUGIH VRST STROŠKOV	 Da			
4800	DAJATVE, KI NISO ODVISNE OD STROŠKOV DELA ALI DRUGIH VRST STROŠKOV	 Da			
4801	STROŠEK UPRAVNIH IN SODNIH TAKS	 Da			
4802	STROŠEK RAZNIH AVTORSKIH PRAVIC	 Da			
4803	STROŠEK DAVKA NA NEPREMIČNINE	 Da			
481	IZDATKI ZA VARSTVO OKOLJA	 Da			
482	NAGRADE DIJAKOM IN ŠTUDENTOM NA DELOVNI PRAKSI SKUPAJ Z DAJATVAMI	 Da			
4820	STROŠEK NAGRADE DIJAKOM IN ŠTUDENTOM NA DELOVNI PRAKSI SKUPAJ Z DAJATVAMI	 Da			
483	ŠTIPENDIJE DIJAKOM IN ŠTUDENTOM	 Da			
4830	STROŠEK ŠTIPENDIJE DIJAKOM IN ŠTUDENTOM	 Da			
4831	STROŠKI ŠTIPENDIJ	 Da			
484	PRISPEVKI ZA SOCIALNO VARNOST S.P. POSAMEZNIKOV	 Da			
4840	PRISPEVKI ZA SOCIALNO VARNOST PODJETNIKA	 Da			
4841	STROŠEK OSTALI PODJETNIKA	 Da			
486	POVRAČILA STROŠKOV S.P. POSAMEZNIKOM	 Da			
4860	POVRAČILA STROŠKOV S.P. POSAMEZNIKOM	 Da			
488	DONACIJE DRUGIM DRUŠTVOM IN PRAVNIM OSEBAM	 Da			
489	OSTALI STROŠKI	 Da			
4890	STROŠEK DAVČNO NEPRIZNAN	 Da			
49	PRENOS STROŠKOV	  			
490	PRENOS STROŠKOV V ZALOGE	 Da			
4900	PRENOS STROŠKOV V ZALOGE	 Da			
491	PRENOS STROŠKOV NEPOSREDNO V ODHODKE	 Da			
4910	PRENOS STROŠKOV NEPOSREDNO V ODHODKE	 Da			
6	ZALOGE PROIZVODOV, STORITEV, BLAGA IN NEKRATKOROČNIH SREDSTEV (SKUPINE ZA ODTUJITEV) ZA PRODAJO	  			
60	NEDOKONČANE PROIZVODNJA IN STORITVE	  			
600	NEDOKONČANA PROIZVODNJA	 Da			
6000	NEDOKONČANA PROIZVODNJA	 Da			
601	NEDOKONČANE STORITVE	 Da			
602	POLIZDELKI	 Da			
604	PROIZVODNJA V DODELAVI IN PREDELAVI	 Da			
609	ODMIKI OD CEN PROIZVODNJE IN STORITEV	 Da			
61	ZALOGE PRIDELKOV (POSPRAVLJENIH) IZ BIOLOŠKIH SREDSTEV	 Da			
610	POSPRAVLJENI PRIDELKI PO POŠTENI VREDNOSTI	 Da			
618	POSPRAVLJENI PRIDELKI PO NABAVNI VREDNOSTI	 Da			
619	ODMIKI OD CEN PRIDELKOV	 Da			
63	PROIZVODI	  			
630	PROIZVODI V LASTNEM SKLADIŠČU	 Da			
631	PROIZVODI V TUJEM SKLADIŠČU	 Da			
632	PROIZVODI NA POTI	 Da			
633	PROIZVODI V LASTNI PRODAJALNI	 Da			
634	VRAČUNANI DDV OD PROIZVODOV V PRODAJALNI	 Da			
635	PROIZVODI V DODELAVI IN PREDELAVI	 Da			
638	BIOLOŠKA SREDSTVA, KI SO ZALOGE	 Da			
639	ODMIKI OD CEN PROIZVODOV	 Da			
65	OBRAČUN NABAVE BLAGA	  			
650	VREDNOST BLAGA PO OBRAČUNIH DOBAVITELJEV	 Da			
6500	VREDNOST BLAGA PO OBRAČUNIH DOBAVITELJEV	 Da			
651	ODVISNI STROŠKI NABAVE BLAGA	 Da			
6510	ODVISNI STROŠKI NABAVE BLAGA	 Da			
652	CARINA IN DRUGE UVOZNE DAVŠČINE OD BLAGA	 Da			
653	DDV IN DRUGE DAVŠČINE OD BLAGA	 Da			
659	OBRAČUN NABAVE BLAGA	 Da			
6590	OBRAČUN NABAVE BLAGA	 Da			
66	ZALOGE BLAGA	  			
660	BLAGO V LASTNEM SKLADIŠČU	 Da			
6600	BLAGO V LASTNEM SKLADIŠČU	 Da			
661	BLAGO V TUJEM SKLADIŠČU	 Da			
662	BLAGO NA POTI	 Da			
6620	BLAGO NA POTI	 Da			
663	BLAGO V LASTNI PRODAJALNI	 Da			
6630	BLAGO V LASTNI PRODAJALNI	 Da			
664	DDV, VRAČUNAN V ZALOGAH BLAGA	 Da			
6640	DDV, VRAČUNAN V ZALOGAH BLAGA	 Da			
669	VRAČUNANA RAZLIKA V CENAH ZALOG BLAGA	 Da			
6690	VRAČUNANA RAZLIKA V CENAH ZALOG BLAGA	 Da			
67	NEKRATKOROČNA SREDSTVA (SKUPINE ZA ODTUJITEV) ZA PRODAJO	  			
670	OPREDMETENA OSNOVNA SREDSTVA, NAMENJENA PRODAJI	 Da			
6700	OPREDMETENA OSNOVNA SREDSTVA, NAMENJENA PRODAJI	 Da			
671	NALOŽBENE NEPREMIČNINE, VREDNOTENE PO MODELU NABAVNE VREDNOSTI, NAMENJENE PRODAJI	 Da			
672	DRUGA NEKRATKOROČNA SREDSTVA. NAMENJENA PRODAJI	 Da			
6720	DRUGA NEKRATKOROČNA SREDSTVA. NAMENJENA PRODAJI	 Da			
7	ODHODKI IN PRIHODKI	  			
70	POSLOVNI ODHODKI (I. RAZLIČICA IZKAZA POSLOVNEGA IZIDA)	  			
700	VREDNOST PRODANIH POSLOVNIH UČINKOV	 Da			
7000	VREDNOST PRODANIH POSLOVNIH UČINKOV	 Da			
701	VREDNOST USREDSTVENIH LASTNIH PROIZVODOV IN STORITEV	 Da			
7010	VREDNOST USREDSTVENIH LASTNIH PROIZVODOV IN STORITEV	 Da			
702	NABAVNA VREDNOST PRODANIH MATERIALA IN BLAGA	 Da			
7020	NABAVNA VREDNOST PRODANIH MATERIALA IN BLAGA	 Da			
703	DRUGI POSLOVNI ODHODKI	 Da			
704	ODHODKI IZ VREDNOTENJA BIOLOŠKIH STREDSTEV IN POSPRAVITEV KMETIJSKIH PRIDELKOV	 Da			
71	POSLOVNI ODHODKI (II. RAZLIČICA IZKAZA POSLOVNEGA IZIDA)	  			
710	VREDNOST PRODANIH POSLOVNIH UČINKOV	 Da			
711	NABAVNA VREDNOST PRODANIH MATERIALA IN BLAGA	 Da			
7110	NABAVNA VREDNOST PRODANIH MATERIALA IN BLAGA	 Da			
712	STROŠKI PRODAJANJA	 Da			
713	STROŠKI SPLOŠNIH DEJAVNOSTI (NABAVE IN UPRAVE)	 Da			
714	DRUGI STROŠKI, KI SE NE ZADRŽUJEJO V ZALOGAH	 Da			
72	PREVREDNOTOVALNI POSLOVNI ODHODKI	  			
720	PREVREDNOTOVALNI POSLOVNI ODHODKI V ZVEZI Z NEOPREDMETENIMI SREDSTVI IN OPREDMETENIMI OSNOVNIMI SREDSTVI	 Da			
7200	PREVREDNOTOVALNI POSLOVNI ODHODKI V ZVEZI Z NEOPREDMETENIMI SREDSTVI IN OPREDMETENIMI OSNOVNIMI SREDSTVI	 Da			
721	PREVREDNOTOVALNI POSLOVNI ODHODKI V ZVEZI Z KRATKOROČNIMI SREDSTVI, RAZEN FINANČNIH NALOŽB IN NALOŽBENIH NEPREMIČNIN	 Da			
722	PREVREDNOTOVALNI POSLOVNI ODHODKI V ZVEZI S STROŠKI DELA	 Da			
723	PREVREDNOTOVALNI POSLOVNI ODHODKI	 Da			
7230	PREVREDNOTOVALNI POSLOVNI ODHODKI	 Da			
724	PREVREDNOTOVALNI POSLOVNI ODHODKI V ZVEZI S KRATKOROČNIMI SREDSTVI, RAZEN FINANČNIMI NALOŽBAMI	 Da			
7240	PREVREDNOTOVALNI POSLOVNI ODHODKI V ZVEZI S KRATKOROČNIMI SREDSTVI	 Da			
7249	PREVREDNOTOVALNI POSLOVNI ODHODKI V ZVEZI S KRATKOROČNIMI SREDSTVI	 Da			
74	FINANČNI ODHODKI 	  			
740	ODHODKI IZ POSOJIL, PREJETIH OD DRUŽB V SKUPINI	 Da			
7400	ODHODKI IZ POSOJIL, PREJETIH OD DRUŽB V SKUPINI	 Da			
741	ODHODKI IZ POSOJIL, PREJETIH OD BANK	 Da			
7410	ODHODKI IZ POSOJIL, PREJETIH OD BANK	 Da			
742	ODHODKI IZ IZDANIH OBVEZNIC	 Da			
743	ODHODKI IZ DRUGIH FINANČNIH OBVEZNOSTI	 Da			
7430	ODHODKI IZ DRUGIH FINANČNIH OBVEZNOSTI	 Da			
744	ODHODKI IZ POSLOVNIH OBVEZNOSTI DO DRUŽB V SKUPINI	 Da			
745	ODHODKI IZ OBVEZNOSTI DO DOBAVITELJEV IN MENIČNIH OBVEZNOSTI	 Da			
7450	ODHODKI IZ OBVEZNOSTI DO DOBAVITELJEV IN MENIČNIH OBVEZNOSTI	 Da			
746	ODHODKI IZ DRUGIH POSLOVNIH OBVEZNOSTI	 Da			
7460	ODHODKI IZ DRUGIH POSLOVNIH OBVEZNOSTI	 Da			
7461	ODHODEK ZA NEPRAVOČASNO PLAČANE DAJATVE DRŽAVI	 Da			
747	ODHODKI IZ SREDSTEV, RAZPOREJENIH PO POŠTENI VREDNOSTI PREK POSLOVNEGA IZIDA	 Da			
7479	ODHODEK IZ OSLABITVE DOLGOROČNIH NALOŽB	 Da			
748	ODHODKI IZ OSLABITVE	 Da			
7481	ODHODKI IZ OSLABITVE FINANČNIH SREDSTEV, RAZPOLOŽLJIVIH ZA PRODAJO	 Da			
7482	ODHODKI IZ OSLABITVE POSOJIL IN FINANČNIH NALOŽB V POSESTI DO ZAPADLOSTI, MERJENIH PO ODPLAČNI VREDNOSTI	 Da			
7483	ODHODKI IZ OSLABITVE FINANČNIH V ODVISNA PODJETJA, MERJENIH PO NABAVNI VREDNOSTI	 Da			
7484	ODHODKI IZ OSLABITVE FINANČNIH NALOŽB V KAPITALSKE IN IZPELJANE INŠTRUMENTE, MERJENIH PO NABAVNI VREDNOSTI	 Da			
7489	ODHODEK IZ OSLABITVE FINANČNIH SREDSTEV	 Da			
749	ODHODKI IZ ODPRAVE PRIPOZNANJA FINANČNIH DRUŽB	 Da			
7490	ODHODKI IZ ODPRAVE PRIPOZNANJA FINANČNIH DRUŽB	 Da			
75	DRUGI  ODHODKI 	  			
750	ODHODKI IZ VREDNOTENJA  NALOŽBENIH NEPREMIČNIN PO MODELU POŠTENE VREDNOSTI	Da	  		  
751	ODHODKI IZ ODTUJITVE NALOŽBENIH NEPREMIČNIN	Da	  		  
752	DENARNE KAZNI	 Da			
7520	DENARNE KAZNI	 Da			
7521	DENARNE KAZNI	 Da			
753	ODŠKODNINE	 Da			
7530	ODŠKODNINE	 Da			
754	DONACIJE	 Da			
755	SUBVENCIJE, DOTACIJE IN PODOBNI ODHODKI, KI NISO POVEZANI S POSLOVNIMI UČINKI	 Da			
75502	IZREDNI ODHODKI OD ZAOKROŽEVANJA/IZRAVNAVE ZNESKOV V PREJETIH RAČUNIH	 Da			
75502	IZREDNI ODHODKI OD ZAOKROŽEVANJA/IZRAVNAVE ZNESKOV V PREJETIH RAČUNIH	 Da			
75503	IZREDNI ODHODKI OD ZAOKROŽEVANJA/IZRAVNAVE ZNESKOV PRI OBRAČUNU DDV	 Da			
756	DENARNE KAZNI IN ODŠKODNINE	 Da			
7560	ODHODEK IZ PRISILNE IZTERJAVE DAVKOV IN PRISPEVKOV	 Da			
758	NEGATIVNE EVRSKE IZRAVNAVE	 Da			
759	DRUGI ODHODKI	 Da			
7590	DRUGI ODHODKI	 Da			
76	POSLOVNI PRIHODKI	  			
760	PRIHODKI OD PRODAJE PROIZVODOV IN STORITEV NA DOMAČEM TRGU	 Da			
7600	PRIHODKI OD PRODAJE  PROIZVODOV NA DOMAČEM TRGU	 Da			
7601	PRIHODKI OD PRODAJE  STORITEV NA DOMAČEM TRGU	 Da			
761	PRIHODKI OD PRODAJE PROIZVODOV IN STORITEV NA TUJEM TRGU	 Da			
7610	PRIHODKI OD PRODAJE PROIZVODOV  NA TUJEM TRGU	 Da			
7611	PRIHODKI OD PRODAJE STORITEV  NA TUJEM TRGU	 Da			
7612	PRIHODKI OD PRODAJE PROIZVODOV  NA TUJEM TRGU - IZVEN EU	 Da			
7613	PRIHODKI OD PRODAJE STORITEV  NA TUJEM TRGU - IZVEN EU	 Da			
762	PRIHODKI OD PRODAJE TRGOVSKEGA BLAGA IN MATERIALA NA DOMAČEM TRGU	 Da			
7620	PRIHODEK OD PRODAJE TRGOVSKEGA  BLAGA NA DOMAČEM TRGU	 Da			
763	PRIHODKI OD PRODAJE TRGOVSKEGA BLAGA IN MATERIALA NA TUJEM TRGU	 Da			
7630	PRIHODEK OD PRODAJE TRGOVSKEGA BLAGA NA EU TRGU	 Da			
7631	PRIHODEK OD PRODAJE TRGOVSKEGA BLAGA NA TUJEM TRGU	 Da			
764	PRIHODKI IZ VREDNOTENJA BIOLOŠKIH SREDSTEV IN POSPRAVITVE KMETIJSKIH PRIDELKOV	 Da			
765	PRIHODKI OD NAJEMNIN	 Da			
7650	PRIHODKI OD NAJEMNIN	 Da			
766	PRIHODKI OD PORABE IN ODPRAVE  REZERVACIJ	 Da			
7660	PRIHODEK OD ODPRAVE REZERVACIJ	 Da			
767	PRIHODKI OD POSLOVNIH ZDRUŽITEV (PRESEŽEK IZ PREVREDNOTENJA - SLABO IME)	 Da			
768	DRUGI PRIHODKI, POVEZANI S POSLOVNIMI UČINKI (SUBVENCIJE, DOTACIJE, REGRESI, KOMPENZACIJE, PREMIJE ...)	 Da			
7680	PRIHODEK, POVEZAN S POSLOVNIMI UČINKI (SUBVENCIJE, DOTACIJE, REGRESI, KOMPENZACIJE, PREMIJE ...)	 Da			
769	PREVREDNOTOVALNI POSLOVNI PRIHODKI	 Da			
7690	PREVREDNOTOVALNI POSLOVNI PRIHODKI	 Da			
77	FINANČNI PRIHODKI	  			
770	FINANČNI PRIHODKI IZ DELEŽEV V DRUŽBAH V SKUPINI	 Da			
7700	FINANČNI PRIHODKI IZ DELEŽEV V DRUŽBAH V SKUPINI	 Da			
771	FINANČNI PRIHODKI IZ DELEŽEV V PRIDRUŽENIH DRUŽBAH IN SKUPAJ OBVLADOVANIH DRUŽBAH	 Da			
772	FINANČNI PRIHODKI IZ DELEŽEV V DRUŽBAH	 Da			
773	FINANČNI PRIHODKI IZ DRUGIH NALOŽB	 Da			
7730	FINANČNI PRIHODKI IZ DRUGIH NALOŽB	 Da			
774	FINANČNI PRIHODKI IZ POSOJIL DANIH DRUŽBAM V SKUPINI	 Da			
775	FINANČNI PRIHODKI IZ POSOJIL DANIH DRUGIM	 Da			
7750	PRIHODEK FINANČNI IZ DANIH POSOJIL  DRUGIM ( TUDI OD DEPOZITOV)	 Da			
776	FINANČNI PRIHODKI IZ POSLOVNIH TERJATEV DO DRUŽB V SKUPINI	 Da			
777	FINANČNI PRIHODKI IZ POSLOVNIH TERJATEV DO DRUGIH	 Da			
7770	FINANČNI PRIHODKI IZ POSLOVNIH TERJATEV DO DRUGIH	 Da			
778	FINANČNI PRIHODKI IZ FINANČNIH SREDSTEV, RAZPOREJENIH PO POŠTENI VREDNOSTI PREK POSLOVNEGA IZIDA	 Da			
779	FINANČNI PRIHODKI IZ RAZVELJAVITVE OSLABITVE FINANČNIH SREDSTEV	 Da			
7790	RAZVELJAVITEV OSLABITVE POSOJIL IN FINANČNIH NALOŽB V POSESTI DO ZAPADLOSTI, MERJENIH PO ODPLAČNI VREDNOSTI	 Da			
7791	RAZVELJAVITEV OSLABITVE FINANČNIH SREDSTEV, RAZPOLOŽLJIVIH ZA PRODAJO	 Da			
78	DRUGI PRIHODKI	  			
780	FINANČNI PRIHODKI IZ VREDNOTENJA NALOŽBENIH NEPREMIČNIN PO POŠTENI VREDNOSTI	 Da			
781	FINANČNI PRIHODKI IZ ODTUJITVE NALOŽBENIH NEPREMIČNIN	 Da			
784	DONACIJE	 Da			
785	SUBVENCIJE, DOTACIJE IN PODOBNI PRIHODKI, KI NISO POVEZANI S POSLOVNIMI UČINKI	 Da			
7850	SUBVENCIJE, DOTACIJE IN PODOBNI PRIHODKI, KI NISO POVEZANI S POSLOVNIMI UČINKI	 Da			
786	PREJETE ODŠKODNINE	 Da			
7860	PREJETE ODŠKODNINE	 Da			
787	PREJETE KAZNI	 Da			
7870	PREJETE KAZNI	 Da			
788	POZITIVNE EVRSKE IZRAVNAVE	 Da			
789	DRUGI PRIHODKI	 Da			
7890	DRUGI PRIHODKI	 Da			
78904	IZREDNI PRIHODKI IZ POZITIVNIH TEČAJNIH RAZLIK	 Da			
79	USREDSTVENI LASTNI PROIZVODI IN LASTNE STORITVE	  			
8	POSLOVNI IZID	  			
80	POSLOVNI IZID PRED OBDAVČITVIJO	  			
800	DOBIČEK ALI IZGUBA PRED OBDAVČITVIJO	 Da			
8000	DOBIČEK ALI IZGUBA PRED OBDAVČITVIJO	 Da			
801	UGOTOVITEV IN PRENOS DOHODKA S.P. POSAMEZNIKOV	 Da			
803	UGOTOVITEV IN PRENOS NEGATIVNEGA POSLOVNEGA IZIDA	 Da			
804	PRESEŽEK PRIHODKOV IZ PREJŠNJIH LET, NAMENJEN POKRIVANJU PRESEŽKA ODGODKOV OBRAČUNSKEGA OBDOBJA	 Da			
805	PRESEŽEK ODHODKOV IZ PREJŠNJIH LET, KI SE POKRIVA IZ PRESEŽKA PRIHODKOV OBRAČUNSKEGA OBDOBJA	 Da			
806	CELOTEN PRESEŽEK PRIHODKOV ALI CELOTNI PRESEŽEK ODHODKOV	 Da			
81	RAZPOREDITEV DOBIČKA IN CELOTNEGA PRESEŽKA PRIHODKOV	  			
810	DAVEK OD DOHODKA	 Da			
812	DRUGI DAVKI, KI NISO IZKAZANI V DRUGIH POSTAVKAH	 Da			
813	PRIHODKI (ODHODKI) IZ NASLOVA ODLOŽENEGA DAVKA	 Da			
815	ČISTI DOBIČEK POSLOVNEGA LETA	 Da			
82	RAZPOREDITEV ČISTEGA DOBIČKA POSLOVNEGA LETA OZIROMA ČISTEGA PRESEŽKA PRIHODKOV	  			
820	ČISTI DOBIČEK ZA KRITJE PRENESENIH IZGUB	 Da			
821	ČISTI DOBIČEK ZA OBLIKOVANJE ZAKONSKIH REZERV	 Da			
822	ČISTI DOBIČEK ZA OBLIKOVANJE REZERV ZA LASTNE DELNICE OZIROMA DELEŽE	 Da			
823	ČISTI DOBIČEK ZA OBLIKOVANJE STATUTARNIH REZERV	 Da			
824	ČISTI DOBIČEK ZA DRUGE REZERVE IZ DOBIČKA	 Da			
825	ČISTI PRESEŽEK PRIHODKOV ZA DOLOČEN NAMEN (SKLAD)	 Da			
829	PREOSTANEK NEUPORABLJENEGA DELA ČISTEGA DOBIČKA POSLOVNEGA LETA	 Da			
89	ČISTA IZGUBA OZIROMA ČISTI PRESEŽEK ODHODKOV IN PRENOS ČISTE IZGUBE OZIROMA ČISTEGA PRESEŽKA ODHODKOV	  			
890	IZGUBA TEKOČEGA LETA	 Da			
899	PRENOS IZGUBE TEKOČEGA LETA	 Da			
9	KAPITAL, DOLGOROČNE OBVEZNOSTI (DOLGOVI) IN DOLGOROČNE REZERVACIJE	  			
90	VPOKLICANI IN ZAČETNI KAPITAL TER USTANOVITVENE VLOGE				
900	OSNOVNI DELNIŠKI KAPITAL  NAVADNE DELNICE	Da			
901	OSNOVNI DELNIŠKI KAPITAL  PREDNOSTNE DELNICE	 Da			
902	OSNOVNI KAPITAL  KAPITALSKI DELEŽI	 Da			
9020	OSNOVNI KAPITAL  KAPITALSKI DELEŽI	 Da			
903	OSNOVNI KAPITAL  KAPITALSKA VLOGA	 Da			
9030	OSNOVNI KAPITAL  KAPITALSKA VLOGA	 Da			
905	NERAZDRUŽLJIVI ZADRUŽNI KAPITAL	 Da			
906	DELEŽI ČLANOV ZADRUGE	 Da			
907	USTANOVITVENA IN KASNEJŠE VLOGE	 Da			
909	NEVPOKLICANI KAPITAL (ODBITNA POSTAVKA)	 Da			
91	KAPITALSKE REZERVE IN PRENOSI SREDSTEV	  			
918	PRENOS STVARNEGA PREMOŽENJA MED OPRAVLJANJEM DEJAVNOSTI	 Da			
919	PRETOKI IN ODTOKI 	 Da			
9190	PRETOKI IN ODTOKI 	 Da			
92	REZERVE IZ DOBIČKA OZIROMA RAZPOREJENI ČISTI PRESEŽEK PRIHODKOV	  			
923	DRUGE REZERVE IZ DOBIČKA	 Da			
93	ČISTI DOBIČEK ALI ČISTA IZGUBA OZIROMA NERAZPOREJENI ČISTI PRESEŽEK PRIHODKOV ALI ČISTI PRESEŽEK ODHODKOV	  			
930	PRENESENI ČISTI DOBIČEK IZ PREJŠNJIH LET	 Da			
9300	PRENESENI ČISTI DOBIČEK IZ PREJŠNJIH LET	 Da			
931	PRENESENA ČISTA IZGUBA IZ PREJŠNJIH LET	 Da			
9310	PRENESENA ČISTA IZGUBA IZ PREJŠNJIH LET	 Da			
933	ČISTA IZGUBA POSLOVNEGA LETA OZIROMA ČISTI PRESEŽEK ODHODKOV	 Da			
9330	ČISTA IZGUBA POSLOVNEGA LETA OZIROMA ČISTI PRESEŽEK ODHODKOV	 Da			
935	DOHODEK S.P. POSAMEZNIKOV	 Da			
937	NEGATIVNI POSLOVNI IZID S.P. POSAMEZNIKOV	 Da			
9390	AKONTACIJA DAVKA IZ DEJAVNOSTI	 Da			
94	REVALORIZACIJSKE REZERVE	  			
940	REVALORIZACIJSKE REZERVE IZ PREVREDNOTOVANJA ZEMLJIŠČ	 Da			
941	REVALORIZACIJSKE REZERVE IZ PREVREDNOTOVANJA ZGRADB	 Da			
942	SPLOŠNI PREVREDNOTOVALNI POPRAVEK REZERV IZ DOBIČKA	 Da	  		  
943	SPLOŠNI PREVREDNOTOVALNI POPRAVEK PRENESENEGA ČISTEGA DOBIČKA IZ PREJŠNJIH LET	 Da	  		  
944	SPLOŠNI PREVREDNOTOVALNI POPRAVEK PRENESENE ČISTE IZGUBE IZ PREJŠNJIH LET	 Da	  		  
949	POPRAVEK VREDNOSTI REVALORIZIACIJSKIH REZERV ZA ODLOŽENE OBVEZNOSRI ZA DAVEK	 Da			
95	REZERVE, NASTALE ZARADI VREDNOTENJA PO POŠTENI VREDNOSTI	  			
951	PRESEŽEK IZ PREVREDNOTENJA ZGRADB	Da	  		  
952	PRESEŽEK IZ PREVREDNOTENJA OPREME	Da	  		  
953	PRESEŽEK IZ PREVREDNOTENJA NEOPREDMETENIH SREDSTEV	Da	  		  
954	PRESEŽEK IZ PREVREDNOTENJA DOLGOROČNIH FINANČNIH NALOŽB PO POŠTENI VREDNOSTI	 Da			
955	PRESEŽEK IZ PREVREDNOTENJA KRATKOROČNIH FINANČNIH NALOŽB PO POŠTENI VREDNOSTI	 Da			
956	ZNESEK DOKAZANEGA DOBIČKA ALI DOKAZANE IZGUBE IZ SPREMEMB POŠENE VREDNOSTI FINANČNIH SREDSTEV, RAZPOLOŽLJIVIH ZA PRODAJO, KI NI DEL RAZMERJA PRI VAROVANJU VREDNOSTI	 Da			
957	AKTUARSKI DOBIČKI ALI IZGUBE OD DOLOČENIH ZASLUŽKOV	 Da			
959	POPRAVEK VREDNOSTIREZERV, NASTALIH ZAADI VREDNOTENJA PO POŠTENI VREDNOSTI ZA ODLOŽENE OBVEZNOSTI ZA DAVEK	 Da			
96	REZERVACIJE IN DOLGOROČNE PASIVNE ČASOVNE RAZMEJITVE	  			
960	REZERVACIJE ZA STROŠKE REORGANIZACIJE ORGANIZACIJE	 Da			
961	REZERVACIJE ZA POKRIVANJE PRIHODNJIH STROŠKOV OZIROMA ODHODKOV ZARADI RAZGRADNJE, PONOVNE VZPOSTAVITVE PRVOTNEGA STANJA IN DRUGE PODOBNE REZERVACIJE	 Da			
9610	REZERVACIJE ZA POKRIVANJE PRIHODNJIH STROŠKOV OZIROMA ODHODKOV ZARADI RAZGRADNJE, PONOVNE VZPOSTAVITVE PRVOTNEGA STANJA IN DRUGE PODOBNE REZERVACIJE	 Da			
962	REZERVACIJE ZA KOČLJIVE POGODBE	 Da			
963	REZERVACIJE ZA POKOJNINE, JUBILEJNE NAGRADE IN ODPRAVNINE OB UPOKOJITVI	 Da			
964	REZERVACIJE ZA DANA JAMSTVA	 Da			
9640	REZERVACIJE ZA DANA JAMSTVA	 Da			
965	DRUGE REZERVACIJE IZ NASLOVA DOLGOROČNO VNAPREJ VRAČUNANIH STROŠKOV	 Da			
966	PREJETE DRŽAVNE PODPORE	 Da			
9661	KAPITAL, DOLGOROČNE OBVEZNOSTI (DOLGOVI) IN DOLGOROČNE REZERVACIJE	 Da			
967	PREJETE DONACIJE	 Da			
968	DRUGE DOLGOROČNE PASIVNE ČASOVNE RAZMEJITVE	 Da			
969	DRUGE DOLGOROČNE REZERVACIJE	Da	  		  
97	DOLGOROČNE FINANČNE OBVEZNOSTI				
970	DOLGOROČNA POSOJILA, DOBLJENA PRI ORGANIZACIJE V SKUPINI	 Da			
971	DOLGOROČNA POSOJILA, DOBLJENA PRI PRIDRUŽENIH ORGANIZACIJE	 Da			
972	DOLGOROČNA POSOJILA, DOBLJENA PRI BANKAH INORGANIZACIJE V DRŽAVI	 Da			
9720	POSOJILA, DOBLJENA PRI BANKAH  V DRŽAVI	 Da			
9721	POSOJILA, DOBLJENA PRI DRUŽBAH V DRŽAVI	 Da			
973	DOLGOROČNA POSOJILA, DOBLJENA PRI BANKAH IN ORGANIZACIJE V TUJINI	 Da			
9730	POSOJILA, DOBLJENA PRI BANKAH  V TUJINI	 Da			
974	DOLGOROČNE FINANČNE OBVEZNOSTI V ZVEZI Z OBVEZNICAMI IN MENICAMI	 Da			
975	DOLGOROČNI DOLGOVI IZ FINANČNEGA NAJEMA 	 Da			
9750	DOLGOROČNI DOLGOVI IZ FINANČNEGA NAJEMA 	 Da			
9751	FINANČNI STROŠKI VŠTETI V POGODBENO VREDNOST	 Da			
976	DOLGOROČNE FINANČNE OBVEZNOSTI DO FIZIČNIH OSEB	 Da			
9760	DOLGOROČNE FINANČNE OBVEZNOSTI DO FIZIČNIH OSEB	 Da			
979	DRUGE DOLGOROČNE FINANČNE OBVEZNOSTI	 Da			
9790	DRUGE DOLGOROČNE FINANČNE OBVEZNOSTI	 Da	  		  
98	DOLGOROČNE POSLOVNE OBVEZNOSTI	  			
980	DOLGOROČNI KREDITI, DOBLJENI NA PODLAGI KREDITNIH POGODB ODORGANIZACIJE V SKUPINI	 Da			
981	DOLGOROČNI KREDITI, DOBLJENI NA PODLAGI KREDITNIH POGODB OD PRIDRUŽENIH ORGANIZACIJE IN SKUPAJ OBVLADOVANIH ORGANIZACIJE	 Da			
982	DOLGOROČNI KREDITI, DOBLJENI OD DRUGIH DOMAČIH DOBAVITELJEV	 Da			
983	DOLGOROČNI KREDITI, DOBLJENI OD DRUGIH TUJIH DOBAVITELJEV	 Da			
985	DOLGOROČNE MENIČNE OBVEZNOSTI	 Da			
986	DOLGOROČNI DOBLJENI PREDUJMI IN VARŠČINE	 Da			
9860	DOLGOROČNI DOBLJENI PREDUJMI IN VARŠČINE	 Da			
989	DRUGE DOLGOROČNE POSLOVNE OBVEZNOSTI	 Da			
9890	DRUGE DOLGOROČNE POSLOVNE OBVEZNOSTI	 Da			
99	ZUNAJBILANČNI KONTI	  			
990	NAJETA, IZPOSOJENA IN ZAKUPLJENA (TUJA) SREDSTVA	 Da			
991	MENICE IN DRUGI VREDNOSTNI PAPIRJI, PREJETI ZA ZAVAROVANJE PLAČIL	 Da			
992	BLAGO, PREJETO V KOMISIJSKO IN KONSIGNACIJSKO PRODAJO	 Da			
993	VREDNOTNICE, IZDANE ZA OBRAČUNAVANJE ZNOTRAJ ORGANIZACIJE	 Da			
994	DRUGI AKTIVNI ZUNAJBILANČNI KONTI	 Da			
995	LASTNIKI NAJETIH, IZPOSOJENIH IN ZAKUPLJENIH SREDSTEV	 Da			
996	DOLŽNIKI, KI SO ZAVAROVALI PLAČILA Z MENICAMI IN DRUGIMI VREDNOSTNIMI PAPIRJI	 Da			
997	OBVEZNOSTI IZ BLAGA, PREJETEGA V KOMISIJSKO IN KONSIGNACIJSKO PRODAJO	 Da			
998	NOMINALNA VREDNOST VREDNOTNIC, IZDANIH ZA OBRAČUNAVANJE ZNOTRAJ ORGANIZACIJE	 Da			
999	DRUGI PASIVNI ZUNAJBILANČNI KONTI	 Da			
9999	NEDEFINIRAN				
		  			
